MSSubClass,MSZoning,Neighborhood,OverallQual,YearRemodAdd,RoofStyle,BsmtQual,BsmtExposure,HeatingQC,CentralAir,1stFlrSF,GrLivArea,BsmtFullBath,KitchenQual,Fireplaces,FireplaceQu,GarageType,GarageFinish,GarageCars,PavedDrive,SaleCondition
0.2352941176470588,0.75,0.6363636363636364,0.6666666666666665,0.09836065573770493,0.0,0.75,0.25,1.0,1.0,0.35615474820438253,0.5777122882260084,0.3333333333333333,0.6666666666666666,0.0,0.2,0.8,0.6666666666666666,0.5,1.0,0.75
0.0,0.75,0.5,0.5555555555555556,0.5245901639344263,0.0,0.75,1.0,1.0,1.0,0.5030560164904583,0.4702445078729567,0.0,0.3333333333333333,0.3333333333333333,0.6000000000000001,0.8,0.6666666666666666,0.5,1.0,0.75
0.2352941176470588,0.75,0.6363636363636364,0.6666666666666665,0.11475409836065574,0.0,0.75,0.5,1.0,1.0,0.3834410394874981,0.59309515868294,0.3333333333333333,0.6666666666666666,0.3333333333333333,0.6000000000000001,0.8,0.6666666666666666,0.5,1.0,0.75
0.2941176470588235,0.75,0.7272727272727273,0.6666666666666665,0.6065573770491803,0.0,0.5,0.25,0.75,1.0,0.39994101331885457,0.5791574328965412,0.3333333333333333,0.6666666666666666,0.3333333333333333,0.8,0.4,0.3333333333333333,0.75,1.0,0.0
0.2352941176470588,0.75,1.0,0.7777777777777777,0.14754098360655737,0.0,0.75,0.75,1.0,1.0,0.4662370521602308,0.6665228823649914,0.3333333333333333,0.6666666666666666,0.3333333333333333,0.6000000000000001,0.8,0.6666666666666666,0.75,1.0,0.75
